{"pages":["arial.png"],"chars":[{"id":106,"index":77,"char":"j","width":12,"height":43,"xoffset":-4,"yoffset":3,"xadvance":9,"chnl":15,"x":0,"y":0,"page":0},{"id":87,"index":58,"char":"W","width":43,"height":34,"xoffset":-1,"yoffset":3,"xadvance":40,"chnl":15,"x":0,"y":44,"page":0},{"id":64,"index":35,"char":"@","width":43,"height":43,"xoffset":0,"yoffset":2,"xadvance":43,"chnl":15,"x":13,"y":0,"page":0},{"id":40,"index":11,"char":"(","width":14,"height":43,"xoffset":1,"yoffset":2,"xadvance":14,"chnl":15,"x":0,"y":79,"page":0},{"id":41,"index":12,"char":")","width":14,"height":43,"xoffset":1,"yoffset":2,"xadvance":14,"chnl":15,"x":0,"y":123,"page":0},{"id":123,"index":94,"char":"{","width":16,"height":43,"xoffset":-1,"yoffset":2,"xadvance":14,"chnl":15,"x":0,"y":167,"page":0},{"id":125,"index":96,"char":"}","width":16,"height":43,"xoffset":-1,"yoffset":2,"xadvance":14,"chnl":15,"x":15,"y":79,"page":0},{"id":124,"index":95,"char":"|","width":7,"height":43,"xoffset":2,"yoffset":2,"xadvance":11,"chnl":15,"x":15,"y":123,"page":0},{"id":91,"index":62,"char":"[","width":12,"height":42,"xoffset":1,"yoffset":3,"xadvance":12,"chnl":15,"x":0,"y":211,"page":0},{"id":93,"index":64,"char":"]","width":12,"height":42,"xoffset":-1,"yoffset":3,"xadvance":12,"chnl":15,"x":0,"y":254,"page":0},{"id":1092,"index":622,"char":"ф","width":35,"height":42,"xoffset":0,"yoffset":3,"xadvance":35,"chnl":15,"x":0,"y":297,"page":0},{"id":1062,"index":592,"char":"Ц","width":30,"height":42,"xoffset":1,"yoffset":3,"xadvance":31,"chnl":15,"x":13,"y":211,"page":0},{"id":1065,"index":595,"char":"Щ","width":39,"height":42,"xoffset":1,"yoffset":3,"xadvance":39,"chnl":15,"x":13,"y":254,"page":0},{"id":1046,"index":576,"char":"Ж","width":42,"height":34,"xoffset":-2,"yoffset":3,"xadvance":39,"chnl":15,"x":17,"y":167,"page":0},{"id":36,"index":7,"char":"$","width":24,"height":41,"xoffset":-1,"yoffset":0,"xadvance":23,"chnl":15,"x":23,"y":123,"page":0},{"id":1049,"index":579,"char":"Й","width":28,"height":41,"xoffset":1,"yoffset":-4,"xadvance":30,"chnl":15,"x":32,"y":79,"page":0},{"id":1044,"index":574,"char":"Д","width":31,"height":41,"xoffset":-2,"yoffset":3,"xadvance":28,"chnl":15,"x":48,"y":121,"page":0},{"id":1070,"index":600,"char":"Ю","width":41,"height":35,"xoffset":1,"yoffset":2,"xadvance":42,"chnl":15,"x":44,"y":202,"page":0},{"id":1031,"index":562,"char":"Ї","width":16,"height":40,"xoffset":-2,"yoffset":-3,"xadvance":12,"chnl":15,"x":57,"y":0,"page":0},{"id":81,"index":52,"char":"Q","width":33,"height":37,"xoffset":0,"yoffset":2,"xadvance":33,"chnl":15,"x":57,"y":41,"page":0},{"id":37,"index":8,"char":"%","width":36,"height":36,"xoffset":0,"yoffset":2,"xadvance":37,"chnl":15,"x":60,"y":163,"page":0},{"id":1064,"index":594,"char":"Ш","width":36,"height":34,"xoffset":1,"yoffset":3,"xadvance":38,"chnl":15,"x":74,"y":0,"page":0},{"id":113,"index":84,"char":"q","width":23,"height":35,"xoffset":-1,"yoffset":11,"xadvance":23,"chnl":15,"x":61,"y":79,"page":0},{"id":121,"index":92,"char":"y","width":24,"height":35,"xoffset":-1,"yoffset":11,"xadvance":21,"chnl":15,"x":80,"y":115,"page":0},{"id":112,"index":83,"char":"p","width":23,"height":35,"xoffset":1,"yoffset":11,"xadvance":23,"chnl":15,"x":85,"y":79,"page":0},{"id":100,"index":71,"char":"d","width":23,"height":35,"xoffset":-1,"yoffset":3,"xadvance":23,"chnl":15,"x":91,"y":35,"page":0},{"id":102,"index":73,"char":"f","width":17,"height":35,"xoffset":-2,"yoffset":2,"xadvance":12,"chnl":15,"x":0,"y":340,"page":0},{"id":103,"index":74,"char":"g","width":23,"height":35,"xoffset":-1,"yoffset":11,"xadvance":23,"chnl":15,"x":0,"y":376,"page":0},{"id":98,"index":69,"char":"b","width":23,"height":35,"xoffset":1,"yoffset":3,"xadvance":23,"chnl":15,"x":18,"y":340,"page":0},{"id":85,"index":56,"char":"U","width":28,"height":35,"xoffset":1,"yoffset":3,"xadvance":30,"chnl":15,"x":36,"y":297,"page":0},{"id":79,"index":50,"char":"O","width":33,"height":35,"xoffset":0,"yoffset":2,"xadvance":33,"chnl":15,"x":53,"y":238,"page":0},{"id":83,"index":54,"char":"S","width":28,"height":35,"xoffset":0,"yoffset":2,"xadvance":28,"chnl":15,"x":86,"y":200,"page":0},{"id":71,"index":42,"char":"G","width":32,"height":35,"xoffset":0,"yoffset":2,"xadvance":33,"chnl":15,"x":97,"y":151,"page":0},{"id":74,"index":45,"char":"J","width":21,"height":35,"xoffset":-1,"yoffset":3,"xadvance":21,"chnl":15,"x":105,"y":115,"page":0},{"id":67,"index":38,"char":"C","width":31,"height":35,"xoffset":0,"yoffset":2,"xadvance":30,"chnl":15,"x":109,"y":71,"page":0},{"id":51,"index":22,"char":"3","width":24,"height":35,"xoffset":0,"yoffset":3,"xadvance":23,"chnl":15,"x":127,"y":107,"page":0},{"id":54,"index":25,"char":"6","width":24,"height":35,"xoffset":0,"yoffset":3,"xadvance":23,"chnl":15,"x":115,"y":0,"page":0},{"id":56,"index":27,"char":"8","width":24,"height":35,"xoffset":0,"yoffset":3,"xadvance":23,"chnl":15,"x":140,"y":0,"page":0},{"id":57,"index":28,"char":"9","width":24,"height":35,"xoffset":0,"yoffset":3,"xadvance":23,"chnl":15,"x":141,"y":36,"page":0},{"id":48,"index":19,"char":"0","width":24,"height":35,"xoffset":0,"yoffset":3,"xadvance":23,"chnl":15,"x":165,"y":0,"page":0},{"id":47,"index":18,"char":"/","width":16,"height":35,"xoffset":-2,"yoffset":2,"xadvance":12,"chnl":15,"x":0,"y":412,"page":0},{"id":35,"index":6,"char":"#","width":26,"height":35,"xoffset":-2,"yoffset":2,"xadvance":23,"chnl":15,"x":0,"y":448,"page":0},{"id":38,"index":9,"char":"&","width":29,"height":35,"xoffset":0,"yoffset":2,"xadvance":28,"chnl":15,"x":17,"y":412,"page":0},{"id":63,"index":34,"char":"?","width":23,"height":35,"xoffset":0,"yoffset":2,"xadvance":23,"chnl":15,"x":24,"y":376,"page":0},{"id":92,"index":63,"char":"\\","width":16,"height":35,"xoffset":-2,"yoffset":2,"xadvance":12,"chnl":15,"x":42,"y":333,"page":0},{"id":1091,"index":621,"char":"у","width":24,"height":35,"xoffset":-1,"yoffset":11,"xadvance":21,"chnl":15,"x":0,"y":484,"page":0},{"id":1088,"index":618,"char":"р","width":23,"height":35,"xoffset":1,"yoffset":11,"xadvance":23,"chnl":15,"x":0,"y":520,"page":0},{"id":1073,"index":603,"char":"б","width":25,"height":35,"xoffset":0,"yoffset":2,"xadvance":24,"chnl":15,"x":0,"y":556,"page":0},{"id":1047,"index":577,"char":"З","width":26,"height":35,"xoffset":0,"yoffset":2,"xadvance":25,"chnl":15,"x":24,"y":520,"page":0},{"id":1054,"index":584,"char":"О","width":33,"height":35,"xoffset":0,"yoffset":2,"xadvance":33,"chnl":15,"x":25,"y":484,"page":0},{"id":1051,"index":581,"char":"Л","width":28,"height":35,"xoffset":-2,"yoffset":3,"xadvance":28,"chnl":15,"x":27,"y":448,"page":0},{"id":1028,"index":559,"char":"Є","width":30,"height":35,"xoffset":0,"yoffset":2,"xadvance":30,"chnl":15,"x":47,"y":412,"page":0},{"id":1057,"index":587,"char":"С","width":31,"height":35,"xoffset":0,"yoffset":2,"xadvance":30,"chnl":15,"x":56,"y":448,"page":0},{"id":119,"index":90,"char":"w","width":34,"height":26,"xoffset":-2,"yoffset":11,"xadvance":30,"chnl":15,"x":141,"y":72,"page":0},{"id":116,"index":87,"char":"t","width":15,"height":34,"xoffset":-1,"yoffset":4,"xadvance":12,"chnl":15,"x":115,"y":36,"page":0},{"id":105,"index":76,"char":"i","width":8,"height":34,"xoffset":1,"yoffset":3,"xadvance":9,"chnl":15,"x":44,"y":44,"page":0},{"id":104,"index":75,"char":"h","width":22,"height":34,"xoffset":1,"yoffset":3,"xadvance":23,"chnl":15,"x":166,"y":36,"page":0},{"id":107,"index":78,"char":"k","width":22,"height":34,"xoffset":1,"yoffset":3,"xadvance":21,"chnl":15,"x":48,"y":369,"page":0},{"id":108,"index":79,"char":"l","width":8,"height":34,"xoffset":1,"yoffset":3,"xadvance":9,"chnl":15,"x":131,"y":36,"page":0},{"id":109,"index":80,"char":"m","width":34,"height":26,"xoffset":1,"yoffset":11,"xadvance":35,"chnl":15,"x":59,"y":333,"page":0},{"id":69,"index":40,"char":"E","width":26,"height":34,"xoffset":1,"yoffset":3,"xadvance":28,"chnl":15,"x":71,"y":360,"page":0},{"id":82,"index":53,"char":"R","width":30,"height":34,"xoffset":1,"yoffset":3,"xadvance":30,"chnl":15,"x":78,"y":395,"page":0},{"id":84,"index":55,"char":"T","width":28,"height":34,"xoffset":-1,"yoffset":3,"xadvance":26,"chnl":15,"x":65,"y":274,"page":0},{"id":89,"index":60,"char":"Y","width":32,"height":34,"xoffset":-2,"yoffset":3,"xadvance":28,"chnl":15,"x":87,"y":236,"page":0},{"id":73,"index":44,"char":"I","width":8,"height":34,"xoffset":2,"yoffset":3,"xadvance":12,"chnl":15,"x":115,"y":187,"page":0},{"id":80,"index":51,"char":"P","width":27,"height":34,"xoffset":1,"yoffset":3,"xadvance":28,"chnl":15,"x":94,"y":271,"page":0},{"id":65,"index":36,"char":"A","width":32,"height":34,"xoffset":-2,"yoffset":3,"xadvance":28,"chnl":15,"x":120,"y":222,"page":0},{"id":68,"index":39,"char":"D","width":29,"height":34,"xoffset":1,"yoffset":3,"xadvance":30,"chnl":15,"x":124,"y":187,"page":0},{"id":70,"index":41,"char":"F","width":24,"height":34,"xoffset":1,"yoffset":3,"xadvance":26,"chnl":15,"x":130,"y":143,"page":0},{"id":72,"index":43,"char":"H","width":28,"height":34,"xoffset":1,"yoffset":3,"xadvance":30,"chnl":15,"x":152,"y":99,"page":0},{"id":75,"index":46,"char":"K","width":29,"height":34,"xoffset":1,"yoffset":3,"xadvance":28,"chnl":15,"x":94,"y":306,"page":0},{"id":76,"index":47,"char":"L","width":23,"height":34,"xoffset":1,"yoffset":3,"xadvance":23,"chnl":15,"x":122,"y":257,"page":0},{"id":90,"index":61,"char":"Z","width":28,"height":34,"xoffset":-1,"yoffset":3,"xadvance":26,"chnl":15,"x":98,"y":341,"page":0},{"id":88,"index":59,"char":"X","width":32,"height":34,"xoffset":-2,"yoffset":3,"xadvance":28,"chnl":15,"x":124,"y":292,"page":0},{"id":86,"index":57,"char":"V","width":32,"height":34,"xoffset":-2,"yoffset":3,"xadvance":28,"chnl":15,"x":146,"y":257,"page":0},{"id":66,"index":37,"char":"B","width":27,"height":34,"xoffset":1,"yoffset":3,"xadvance":28,"chnl":15,"x":153,"y":222,"page":0},{"id":78,"index":49,"char":"N","width":28,"height":34,"xoffset":1,"yoffset":3,"xadvance":30,"chnl":15,"x":154,"y":178,"page":0},{"id":77,"index":48,"char":"M","width":33,"height":34,"xoffset":1,"yoffset":3,"xadvance":35,"chnl":15,"x":155,"y":134,"page":0},{"id":49,"index":20,"char":"1","width":15,"height":34,"xoffset":3,"yoffset":3,"xadvance":23,"chnl":15,"x":181,"y":71,"page":0},{"id":50,"index":21,"char":"2","width":24,"height":34,"xoffset":-1,"yoffset":3,"xadvance":23,"chnl":15,"x":189,"y":36,"page":0},{"id":52,"index":23,"char":"4","width":25,"height":34,"xoffset":-1,"yoffset":3,"xadvance":23,"chnl":15,"x":190,"y":0,"page":0},{"id":53,"index":24,"char":"5","width":24,"height":34,"xoffset":0,"yoffset":3,"xadvance":23,"chnl":15,"x":0,"y":592,"page":0},{"id":55,"index":26,"char":"7","width":23,"height":34,"xoffset":0,"yoffset":3,"xadvance":23,"chnl":15,"x":0,"y":627,"page":0},{"id":33,"index":4,"char":"!","width":9,"height":34,"xoffset":2,"yoffset":3,"xadvance":12,"chnl":15,"x":0,"y":662,"page":0},{"id":1081,"index":611,"char":"й","width":22,"height":34,"xoffset":1,"yoffset":3,"xadvance":23,"chnl":15,"x":0,"y":697,"page":0},{"id":1097,"index":627,"char":"щ","width":34,"height":32,"xoffset":1,"yoffset":11,"xadvance":35,"chnl":15,"x":10,"y":662,"page":0},{"id":1111,"index":640,"char":"ї","width":16,"height":34,"xoffset":-2,"yoffset":3,"xadvance":12,"chnl":15,"x":24,"y":627,"page":0},{"id":1110,"index":639,"char":"і","width":8,"height":34,"xoffset":1,"yoffset":3,"xadvance":9,"chnl":15,"x":25,"y":592,"page":0},{"id":1059,"index":589,"char":"У","width":30,"height":34,"xoffset":-2,"yoffset":3,"xadvance":27,"chnl":15,"x":26,"y":556,"page":0},{"id":1050,"index":580,"char":"К","width":25,"height":34,"xoffset":1,"yoffset":3,"xadvance":24,"chnl":15,"x":51,"y":520,"page":0},{"id":1045,"index":575,"char":"Е","width":26,"height":34,"xoffset":1,"yoffset":3,"xadvance":28,"chnl":15,"x":34,"y":591,"page":0},{"id":1053,"index":583,"char":"Н","width":28,"height":34,"xoffset":1,"yoffset":3,"xadvance":30,"chnl":15,"x":59,"y":484,"page":0},{"id":1043,"index":573,"char":"Г","width":23,"height":34,"xoffset":1,"yoffset":3,"xadvance":23,"chnl":15,"x":41,"y":626,"page":0},{"id":1061,"index":591,"char":"Х","width":32,"height":34,"xoffset":-2,"yoffset":3,"xadvance":28,"chnl":15,"x":57,"y":555,"page":0},{"id":1060,"index":590,"char":"Ф","width":33,"height":34,"xoffset":0,"yoffset":3,"xadvance":32,"chnl":15,"x":77,"y":519,"page":0},{"id":1030,"index":561,"char":"І","width":8,"height":34,"xoffset":2,"yoffset":3,"xadvance":12,"chnl":15,"x":61,"y":590,"page":0},{"id":1042,"index":572,"char":"В","width":27,"height":34,"xoffset":1,"yoffset":3,"xadvance":28,"chnl":15,"x":88,"y":430,"page":0},{"id":1040,"index":570,"char":"А","width":32,"height":34,"xoffset":-2,"yoffset":3,"xadvance":28,"chnl":15,"x":109,"y":376,"page":0},{"id":1055,"index":585,"char":"П","width":28,"height":34,"xoffset":1,"yoffset":3,"xadvance":30,"chnl":15,"x":127,"y":327,"page":0},{"id":1056,"index":586,"char":"Р","width":27,"height":34,"xoffset":1,"yoffset":3,"xadvance":28,"chnl":15,"x":88,"y":465,"page":0},{"id":1071,"index":601,"char":"Я","width":30,"height":34,"xoffset":-1,"yoffset":3,"xadvance":30,"chnl":15,"x":0,"y":732,"page":0},{"id":1063,"index":593,"char":"Ч","width":27,"height":34,"xoffset":0,"yoffset":3,"xadvance":28,"chnl":15,"x":23,"y":695,"page":0},{"id":1052,"index":582,"char":"М","width":33,"height":34,"xoffset":1,"yoffset":3,"xadvance":35,"chnl":15,"x":0,"y":767,"page":0},{"id":1048,"index":578,"char":"И","width":28,"height":34,"xoffset":1,"yoffset":3,"xadvance":30,"chnl":15,"x":31,"y":730,"page":0},{"id":1058,"index":588,"char":"Т","width":28,"height":34,"xoffset":-1,"yoffset":3,"xadvance":26,"chnl":15,"x":51,"y":661,"page":0},{"id":1068,"index":598,"char":"Ь","width":27,"height":34,"xoffset":1,"yoffset":3,"xadvance":28,"chnl":15,"x":65,"y":625,"page":0},{"id":1041,"index":571,"char":"Б","width":27,"height":34,"xoffset":1,"yoffset":3,"xadvance":28,"chnl":15,"x":70,"y":590,"page":0},{"id":59,"index":30,"char":";","width":8,"height":32,"xoffset":1,"yoffset":11,"xadvance":12,"chnl":15,"x":51,"y":696,"page":0},{"id":1094,"index":624,"char":"ц","width":24,"height":32,"xoffset":1,"yoffset":11,"xadvance":24,"chnl":15,"x":90,"y":554,"page":0},{"id":1096,"index":626,"char":"ш","width":32,"height":26,"xoffset":1,"yoffset":11,"xadvance":34,"chnl":15,"x":181,"y":106,"page":0},{"id":1076,"index":606,"char":"д","width":27,"height":32,"xoffset":-2,"yoffset":11,"xadvance":25,"chnl":15,"x":197,"y":71,"page":0},{"id":1078,"index":608,"char":"ж","width":32,"height":26,"xoffset":-2,"yoffset":11,"xadvance":28,"chnl":15,"x":214,"y":35,"page":0},{"id":1102,"index":632,"char":"ю","width":31,"height":27,"xoffset":1,"yoffset":11,"xadvance":32,"chnl":15,"x":216,"y":0,"page":0},{"id":95,"index":66,"char":"_","width":28,"height":7,"xoffset":-3,"yoffset":39,"xadvance":23,"chnl":15,"x":48,"y":404,"page":0},{"id":101,"index":72,"char":"e","width":24,"height":27,"xoffset":0,"yoffset":11,"xadvance":23,"chnl":15,"x":111,"y":500,"page":0},{"id":111,"index":82,"char":"o","width":24,"height":27,"xoffset":-1,"yoffset":11,"xadvance":23,"chnl":15,"x":116,"y":411,"page":0},{"id":97,"index":68,"char":"a","width":24,"height":27,"xoffset":0,"yoffset":11,"xadvance":23,"chnl":15,"x":116,"y":439,"page":0},{"id":115,"index":86,"char":"s","width":22,"height":27,"xoffset":-1,"yoffset":11,"xadvance":21,"chnl":15,"x":116,"y":467,"page":0},{"id":99,"index":70,"char":"c","width":23,"height":27,"xoffset":0,"yoffset":11,"xadvance":21,"chnl":15,"x":0,"y":802,"page":0},{"id":1077,"index":607,"char":"е","width":24,"height":27,"xoffset":0,"yoffset":11,"xadvance":23,"chnl":15,"x":0,"y":830,"page":0},{"id":1079,"index":609,"char":"з","width":21,"height":27,"xoffset":-1,"yoffset":11,"xadvance":19,"chnl":15,"x":24,"y":802,"page":0},{"id":1072,"index":602,"char":"а","width":24,"height":27,"xoffset":0,"yoffset":11,"xadvance":23,"chnl":15,"x":34,"y":765,"page":0},{"id":1086,"index":616,"char":"о","width":24,"height":27,"xoffset":-1,"yoffset":11,"xadvance":23,"chnl":15,"x":0,"y":858,"page":0},{"id":1108,"index":637,"char":"є","width":23,"height":27,"xoffset":0,"yoffset":11,"xadvance":21,"chnl":15,"x":0,"y":886,"page":0},{"id":1089,"index":619,"char":"с","width":23,"height":27,"xoffset":0,"yoffset":11,"xadvance":21,"chnl":15,"x":0,"y":914,"page":0},{"id":1084,"index":614,"char":"м","width":27,"height":26,"xoffset":1,"yoffset":11,"xadvance":29,"chnl":15,"x":0,"y":942,"page":0},{"id":114,"index":85,"char":"r","width":16,"height":26,"xoffset":1,"yoffset":11,"xadvance":14,"chnl":15,"x":24,"y":886,"page":0},{"id":117,"index":88,"char":"u","width":22,"height":26,"xoffset":1,"yoffset":11,"xadvance":23,"chnl":15,"x":24,"y":913,"page":0},{"id":122,"index":93,"char":"z","width":23,"height":26,"xoffset":-1,"yoffset":11,"xadvance":21,"chnl":15,"x":0,"y":969,"page":0},{"id":120,"index":91,"char":"x","width":24,"height":26,"xoffset":-2,"yoffset":11,"xadvance":21,"chnl":15,"x":0,"y":996,"page":0},{"id":118,"index":89,"char":"v","width":24,"height":26,"xoffset":-1,"yoffset":11,"xadvance":21,"chnl":15,"x":24,"y":969,"page":0},{"id":110,"index":81,"char":"n","width":22,"height":26,"xoffset":1,"yoffset":11,"xadvance":23,"chnl":15,"x":28,"y":940,"page":0},{"id":58,"index":29,"char":":","width":8,"height":26,"xoffset":2,"yoffset":11,"xadvance":12,"chnl":15,"x":25,"y":996,"page":0},{"id":1082,"index":612,"char":"к","width":20,"height":26,"xoffset":1,"yoffset":11,"xadvance":18,"chnl":15,"x":34,"y":996,"page":0},{"id":1085,"index":615,"char":"н","width":22,"height":26,"xoffset":1,"yoffset":11,"xadvance":23,"chnl":15,"x":49,"y":967,"page":0},{"id":1075,"index":605,"char":"г","width":17,"height":26,"xoffset":1,"yoffset":11,"xadvance":15,"chnl":15,"x":55,"y":994,"page":0},{"id":1093,"index":623,"char":"х","width":24,"height":26,"xoffset":-2,"yoffset":11,"xadvance":21,"chnl":15,"x":25,"y":830,"page":0},{"id":1074,"index":604,"char":"в","width":22,"height":26,"xoffset":1,"yoffset":11,"xadvance":22,"chnl":15,"x":25,"y":857,"page":0},{"id":1087,"index":617,"char":"п","width":21,"height":26,"xoffset":1,"yoffset":11,"xadvance":23,"chnl":15,"x":41,"y":884,"page":0},{"id":1083,"index":613,"char":"л","width":25,"height":26,"xoffset":-2,"yoffset":11,"xadvance":25,"chnl":15,"x":48,"y":857,"page":0},{"id":1103,"index":633,"char":"я","width":23,"height":26,"xoffset":-1,"yoffset":11,"xadvance":23,"chnl":15,"x":47,"y":911,"page":0},{"id":1095,"index":625,"char":"ч","width":22,"height":26,"xoffset":-1,"yoffset":11,"xadvance":22,"chnl":15,"x":63,"y":884,"page":0},{"id":1080,"index":610,"char":"и","width":22,"height":26,"xoffset":1,"yoffset":11,"xadvance":23,"chnl":15,"x":51,"y":938,"page":0},{"id":1090,"index":620,"char":"т","width":22,"height":26,"xoffset":-1,"yoffset":11,"xadvance":19,"chnl":15,"x":71,"y":911,"page":0},{"id":1100,"index":630,"char":"ь","width":22,"height":26,"xoffset":1,"yoffset":11,"xadvance":22,"chnl":15,"x":72,"y":965,"page":0},{"id":61,"index":32,"char":"=","width":24,"height":17,"xoffset":0,"yoffset":12,"xadvance":25,"chnl":15,"x":65,"y":309,"page":0},{"id":43,"index":14,"char":"+","width":24,"height":24,"xoffset":0,"yoffset":8,"xadvance":25,"chnl":15,"x":111,"y":528,"page":0},{"id":60,"index":31,"char":"<","width":24,"height":24,"xoffset":0,"yoffset":8,"xadvance":25,"chnl":15,"x":74,"y":938,"page":0},{"id":62,"index":33,"char":">","width":24,"height":24,"xoffset":0,"yoffset":8,"xadvance":25,"chnl":15,"x":73,"y":992,"page":0},{"id":94,"index":65,"char":"^","width":21,"height":20,"xoffset":-1,"yoffset":2,"xadvance":20,"chnl":15,"x":95,"y":963,"page":0},{"id":42,"index":13,"char":"*","width":18,"height":17,"xoffset":-1,"yoffset":2,"xadvance":16,"chnl":15,"x":88,"y":500,"page":0},{"id":45,"index":16,"char":"-","width":15,"height":8,"xoffset":-1,"yoffset":20,"xadvance":14,"chnl":15,"x":17,"y":202,"page":0},{"id":39,"index":10,"char":"'","width":8,"height":15,"xoffset":0,"yoffset":3,"xadvance":8,"chnl":15,"x":44,"y":238,"page":0},{"id":34,"index":5,"char":"\"","width":15,"height":15,"xoffset":0,"yoffset":3,"xadvance":15,"chnl":15,"x":46,"y":793,"page":0},{"id":44,"index":15,"char":",","width":8,"height":14,"xoffset":1,"yoffset":29,"xadvance":12,"chnl":15,"x":78,"y":430,"page":0},{"id":96,"index":67,"char":"`","width":12,"height":10,"xoffset":0,"yoffset":3,"xadvance":14,"chnl":15,"x":80,"y":151,"page":0},{"id":46,"index":17,"char":".","width":8,"height":8,"xoffset":2,"yoffset":29,"xadvance":12,"chnl":15,"x":59,"y":360,"page":0},{"id":32,"index":3,"char":" ","width":0,"height":0,"xoffset":-2,"yoffset":33,"xadvance":12,"chnl":15,"x":140,"y":36,"page":0}],"info":{"face":"arial","size":42,"bold":0,"italic":0,"charset":["q","w","e","r","t","y","u","i","o","p","a","s","d","f","g","h","j","k","l","z","x","c","v","b","n","m","Q","W","E","R","T","Y","U","I","O","P","A","S","D","F","G","H","J","K","L","Z","X","C","V","B","N","M"," ","1","2","3","4","5","6","7","8","9","0","-","=","[","]",";","'",",",".","/","`","!","@","#","$","%","^","&","*","(",")","_","+","{","}",":","\"","<",">","?","|","\\","й","ц","у","к","е","н","г","ш","щ","з","х","ї","ф","і","в","а","п","р","о","л","д","ж","є","я","ч","с","м","и","т","ь","б","ю","Й","Ц","У","К","Е","Н","Г","Ш","Щ","З","Х","Ї","Ф","І","В","А","П","Р","О","Л","Д","Ж","Є","Я","Ч","С","М","И","Т","Ь","Б","Ю"],"unicode":1,"stretchH":100,"smooth":1,"aa":1,"padding":[2,2,2,2],"spacing":[0,0]},"common":{"lineHeight":46,"base":33,"scaleW":1024,"scaleH":1024,"pages":1,"packed":0,"alphaChnl":0,"redChnl":0,"greenChnl":0,"blueChnl":0},"distanceField":{"fieldType":"msdf","distanceRange":4},"kernings":[]}