{"pages":["arial.png"],"chars":[{"id":106,"index":77,"char":"j","width":12,"height":43,"xoffset":-4,"yoffset":3,"xadvance":9,"chnl":15,"x":0,"y":0,"page":0},{"id":1062,"index":592,"char":"Ц","width":30,"height":42,"xoffset":1,"yoffset":3,"xadvance":31,"chnl":15,"x":0,"y":44,"page":0},{"id":103,"index":74,"char":"g","width":23,"height":35,"xoffset":-1,"yoffset":11,"xadvance":23,"chnl":15,"x":13,"y":0,"page":0},{"id":100,"index":71,"char":"d","width":23,"height":35,"xoffset":-1,"yoffset":3,"xadvance":23,"chnl":15,"x":0,"y":87,"page":0},{"id":98,"index":69,"char":"b","width":23,"height":35,"xoffset":1,"yoffset":3,"xadvance":23,"chnl":15,"x":0,"y":123,"page":0},{"id":1091,"index":621,"char":"у","width":24,"height":35,"xoffset":-1,"yoffset":11,"xadvance":21,"chnl":15,"x":0,"y":159,"page":0},{"id":1088,"index":618,"char":"р","width":23,"height":35,"xoffset":1,"yoffset":11,"xadvance":23,"chnl":15,"x":24,"y":87,"page":0},{"id":1073,"index":603,"char":"б","width":25,"height":35,"xoffset":0,"yoffset":2,"xadvance":24,"chnl":15,"x":24,"y":123,"page":0},{"id":1054,"index":584,"char":"О","width":33,"height":35,"xoffset":0,"yoffset":2,"xadvance":33,"chnl":15,"x":31,"y":36,"page":0},{"id":86,"index":57,"char":"V","width":32,"height":34,"xoffset":-2,"yoffset":3,"xadvance":28,"chnl":15,"x":37,"y":0,"page":0},{"id":82,"index":53,"char":"R","width":30,"height":34,"xoffset":1,"yoffset":3,"xadvance":30,"chnl":15,"x":48,"y":72,"page":0},{"id":104,"index":75,"char":"h","width":22,"height":34,"xoffset":1,"yoffset":3,"xadvance":23,"chnl":15,"x":65,"y":35,"page":0},{"id":33,"index":4,"char":"!","width":9,"height":34,"xoffset":2,"yoffset":3,"xadvance":12,"chnl":15,"x":70,"y":0,"page":0},{"id":1110,"index":639,"char":"і","width":8,"height":34,"xoffset":1,"yoffset":3,"xadvance":9,"chnl":15,"x":80,"y":0,"page":0},{"id":1081,"index":611,"char":"й","width":22,"height":34,"xoffset":1,"yoffset":3,"xadvance":23,"chnl":15,"x":0,"y":195,"page":0},{"id":1042,"index":572,"char":"В","width":27,"height":34,"xoffset":1,"yoffset":3,"xadvance":28,"chnl":15,"x":0,"y":230,"page":0},{"id":1030,"index":561,"char":"І","width":8,"height":34,"xoffset":2,"yoffset":3,"xadvance":12,"chnl":15,"x":23,"y":195,"page":0},{"id":1059,"index":589,"char":"У","width":30,"height":34,"xoffset":-2,"yoffset":3,"xadvance":27,"chnl":15,"x":25,"y":159,"page":0},{"id":1056,"index":586,"char":"Р","width":27,"height":34,"xoffset":1,"yoffset":3,"xadvance":28,"chnl":15,"x":50,"y":107,"page":0},{"id":1048,"index":578,"char":"И","width":28,"height":34,"xoffset":1,"yoffset":3,"xadvance":30,"chnl":15,"x":0,"y":265,"page":0},{"id":115,"index":86,"char":"s","width":22,"height":27,"xoffset":-1,"yoffset":11,"xadvance":21,"chnl":15,"x":28,"y":230,"page":0},{"id":97,"index":68,"char":"a","width":24,"height":27,"xoffset":0,"yoffset":11,"xadvance":23,"chnl":15,"x":32,"y":194,"page":0},{"id":1072,"index":602,"char":"а","width":24,"height":27,"xoffset":0,"yoffset":11,"xadvance":23,"chnl":15,"x":56,"y":142,"page":0},{"id":1084,"index":614,"char":"м","width":27,"height":26,"xoffset":1,"yoffset":11,"xadvance":29,"chnl":15,"x":78,"y":107,"page":0},{"id":1108,"index":637,"char":"є","width":23,"height":27,"xoffset":0,"yoffset":11,"xadvance":21,"chnl":15,"x":79,"y":70,"page":0},{"id":1086,"index":616,"char":"о","width":24,"height":27,"xoffset":-1,"yoffset":11,"xadvance":23,"chnl":15,"x":88,"y":35,"page":0},{"id":1077,"index":607,"char":"е","width":24,"height":27,"xoffset":0,"yoffset":11,"xadvance":23,"chnl":15,"x":89,"y":0,"page":0},{"id":1079,"index":609,"char":"з","width":21,"height":27,"xoffset":-1,"yoffset":11,"xadvance":19,"chnl":15,"x":103,"y":63,"page":0},{"id":118,"index":89,"char":"v","width":24,"height":26,"xoffset":-1,"yoffset":11,"xadvance":21,"chnl":15,"x":113,"y":28,"page":0},{"id":1090,"index":620,"char":"т","width":22,"height":26,"xoffset":-1,"yoffset":11,"xadvance":19,"chnl":15,"x":114,"y":0,"page":0},{"id":1074,"index":604,"char":"в","width":22,"height":26,"xoffset":1,"yoffset":11,"xadvance":22,"chnl":15,"x":137,"y":0,"page":0},{"id":1080,"index":610,"char":"и","width":22,"height":26,"xoffset":1,"yoffset":11,"xadvance":23,"chnl":15,"x":0,"y":300,"page":0},{"id":1085,"index":615,"char":"н","width":22,"height":26,"xoffset":1,"yoffset":11,"xadvance":23,"chnl":15,"x":0,"y":327,"page":0},{"id":32,"index":3,"char":" ","width":0,"height":0,"xoffset":-2,"yoffset":33,"xadvance":12,"chnl":15,"x":37,"y":35,"page":0}],"info":{"face":"arial","size":42,"bold":0,"italic":0,"charset":["V","R","s","h","g","d","a","j","b","v","!","і","т","а","м","є","в","и","о","у","р","е","н","й","б","з","В","І","О","Ц","У","Р","И"," "],"unicode":1,"stretchH":100,"smooth":1,"aa":1,"padding":[2,2,2,2],"spacing":[0,0]},"common":{"lineHeight":46,"base":33,"scaleW":1024,"scaleH":1024,"pages":1,"packed":0,"alphaChnl":0,"redChnl":0,"greenChnl":0,"blueChnl":0},"distanceField":{"fieldType":"msdf","distanceRange":4},"kernings":[{"first":86,"second":97,"amount":-3},{"first":82,"second":86,"amount":-1},{"first":1090,"second":1072,"amount":0},{"first":1090,"second":1086,"amount":0},{"first":1090,"second":1091,"amount":0},{"first":1090,"second":1077,"amount":0},{"first":1072,"second":1090,"amount":-1},{"first":1072,"second":1091,"amount":0},{"first":1072,"second":1079,"amount":0},{"first":1084,"second":1091,"amount":0},{"first":1084,"second":1073,"amount":0},{"first":1084,"second":1079,"amount":0},{"first":1074,"second":1090,"amount":-1},{"first":1074,"second":1072,"amount":0},{"first":1074,"second":1084,"amount":0},{"first":1074,"second":1086,"amount":0},{"first":1074,"second":1091,"amount":-1},{"first":1074,"second":1077,"amount":0},{"first":1074,"second":1073,"amount":0},{"first":1074,"second":1079,"amount":0},{"first":1086,"second":1090,"amount":-1},{"first":1086,"second":1091,"amount":0},{"first":1086,"second":1079,"amount":0},{"first":1091,"second":1072,"amount":0},{"first":1091,"second":1084,"amount":0},{"first":1091,"second":1086,"amount":-1},{"first":1091,"second":1088,"amount":0},{"first":1091,"second":1077,"amount":0},{"first":1091,"second":1073,"amount":0},{"first":1088,"second":1090,"amount":-1},{"first":1088,"second":1091,"amount":0},{"first":1088,"second":1079,"amount":0},{"first":1077,"second":1090,"amount":-1},{"first":1077,"second":1091,"amount":0},{"first":1077,"second":1073,"amount":0},{"first":1077,"second":1079,"amount":-1},{"first":1073,"second":1072,"amount":-1},{"first":1073,"second":1084,"amount":-1},{"first":1073,"second":1091,"amount":-1},{"first":1073,"second":1077,"amount":0},{"first":1073,"second":1079,"amount":-1},{"first":1079,"second":1086,"amount":0},{"first":1079,"second":1091,"amount":0},{"first":1079,"second":1077,"amount":0},{"first":1079,"second":1073,"amount":0},{"first":1079,"second":1079,"amount":0},{"first":1042,"second":1090,"amount":-1},{"first":1042,"second":1084,"amount":0},{"first":1042,"second":1091,"amount":0},{"first":1042,"second":1054,"amount":-1},{"first":1042,"second":1059,"amount":-1},{"first":1054,"second":1059,"amount":-1},{"first":1062,"second":1072,"amount":1},{"first":1062,"second":1054,"amount":-1},{"first":1059,"second":1084,"amount":-2},{"first":1059,"second":1074,"amount":-2},{"first":1059,"second":1080,"amount":-2},{"first":1059,"second":1086,"amount":-3},{"first":1059,"second":1088,"amount":-2},{"first":1059,"second":1077,"amount":-3},{"first":1059,"second":1085,"amount":-2},{"first":1059,"second":1081,"amount":-1},{"first":1059,"second":1073,"amount":-1},{"first":1059,"second":1079,"amount":-2},{"first":1059,"second":1054,"amount":-1},{"first":1056,"second":1072,"amount":-1},{"first":1056,"second":1086,"amount":-2},{"first":1056,"second":1077,"amount":-2},{"first":1056,"second":1054,"amount":-1},{"first":1056,"second":1059,"amount":-1}]}